error,id,subject,score,weak_correct,strong_correct,n_options,has_context,prompt_chars,question
missed,11755,Arabic Language (General),0.382,False,True,4,True,592,"اقرأ الفقرة التالية ثم اختر البديل المناسب لـ [فراغ] الذي يكمل الجملة بشكل صحيح
 المال الذي يأتي من الخارج اسمه [فراغ]."
missed,4969,Physics (High),0.418,False,True,4,False,287,كيف يجب توصيل الاميتر و الفولتميتر في الدائرة الكهربائية للقياس ؟
missed,2694,History (High),0.422,False,True,4,False,109,ملك مكة لقب أطلق على:
missed,9270,Math (Primary),0.425,False,True,3,False,127,مع سلمى 3 علب . في كل علبة 7 أكياس ، في كل كيس 100 بالونة .كم عدد البالونات ؟
missed,3821,General Knowledge,0.43,False,True,4,False,172,العالم العربي الفلكي الذي أثبت أن كوكبي المريخ والزهرة هما أقرب إلى الأرض من الشمس هو؟
missed,13564,Islamic Studies (Primary),0.434,False,True,3,True,186,یغرس تعني
missed,4956,Physics (High),0.435,False,True,4,False,179,ما هو مدى الموجات الصوت ةٌ الت تٌمكن الإنسان السل مٌ من سماعها ؟
missed,6306,Arabic Language (Primary),0.44,False,True,4,False,199,"استخرج كلمة منونة بتنوين الفتح من النص التالي "" انطلقت بنا السيارة صباحًا إلى حمامات ماعين في محافظة مأدبا. هذه المياه هبةٌ من الله."
wasted,12091,Arabic Language (General),0.6,True,False,4,True,1802,"اقرأ النص القصير التالي ثم اختر البديل المناسب لـ [فراغ] الذي يكمل الجملة بشكل صحيح
 كلمة (يدعو) [فراغ]."
wasted,12286,Arabic Language (General),0.589,True,False,4,True,1326,"اقرأ النص القصير التالي ثم اختر البديل المناسب لـ [فراغ] الذي يكمل الجملة بشكل صحيح
 الفاعل في جملة (يجب علينا اتخاذ منهج صحيح لاكتساب المعرفة) [فراغ]."
wasted,4679,Law (Prof),0.587,True,True,3,False,165,يجب على ضابط الشرطة القضائية الذي أشعربحالة تلبس بجنحة أو جناية أن يخبربها :
wasted,11896,Arabic Language (General),0.57,True,True,4,True,1658,"اقرأ النص القصير التالي ثم اختر البديل المناسب لـ [فراغ] الذي يكمل الجملة بشكل صحيح
 مضاد (تتشابه)[فراغ]."
wasted,3363,History (High),0.557,True,True,4,False,112,تعد قصة الطوفان من امثلة
wasted,10823,Biology (High),0.556,True,False,2,False,127,الصفائح الدموية فى دم الإنسان لا تمتلك نواة وهى قادرة على الإنتقال بإنتاج أقدام كاذبة
wasted,13317,Islamic Studies (Middle),0.547,True,True,4,False,179,هي عبادة الله تعالى لها شروط معينه وتشمل أقوال وأفعال معينه تبدأ بالكبير وتنتهي بالسليم هذا مفهوم ل:
