subject,n,weak_acc,strong_acc,need_strong_rate
Computer Science (Middle),1,0.0,1.0,1.0
Law (Prof),24,0.208,0.792,0.625
Geography (Primary),5,0.4,0.8,0.6
Arabic Language (Middle),2,0.0,0.5,0.5
History (Middle),14,0.357,0.714,0.5
Philosophy (High),4,0.5,1.0,0.5
Management (Univ),6,0.167,0.667,0.5
History (Primary),6,0.167,0.667,0.5
Geography (Middle),17,0.412,0.824,0.471
Economics (Univ),9,0.333,0.667,0.444
Arabic Language (General),41,0.366,0.659,0.439
Political Science (Univ),14,0.286,0.571,0.429
Computer Science (High),19,0.263,0.684,0.421
General Knowledge (Primary),5,0.4,0.6,0.4
Social Science (Primary),49,0.429,0.735,0.388
General Knowledge (Middle),14,0.429,0.5,0.357
Social Science (Middle),12,0.25,0.5,0.333
Economics (Middle),9,0.667,0.889,0.333
Computer Science (Univ),6,0.333,0.5,0.333
Math (Primary),25,0.48,0.68,0.32
Arabic Language (Grammar),25,0.16,0.48,0.32
Islamic Studies (High),23,0.478,0.565,0.304
History (High),53,0.321,0.472,0.302
Arabic Language (Primary),20,0.5,0.65,0.3
Physics (High),18,0.222,0.444,0.278
Natural Science (Middle),18,0.389,0.611,0.278
General Knowledge,61,0.41,0.492,0.262
Biology (High),105,0.39,0.39,0.257
Islamic Studies (Primary),70,0.586,0.6,0.257
Natural Science (Primary),20,0.55,0.65,0.25
Accounting (Univ),4,0.5,0.5,0.25
Geography (High),83,0.289,0.446,0.229
Islamic Studies,41,0.22,0.268,0.22
Civics (Middle),14,0.429,0.571,0.214
Arabic Language (High),31,0.226,0.29,0.194
Economics (High),26,0.462,0.462,0.192
Driving Test,84,0.44,0.464,0.19
Islamic Studies (Middle),17,0.529,0.529,0.118
Computer Science (Primary),12,0.583,0.583,0.083
Civics (High),4,0.0,0.0,0.0
